id;email;total_price;comment;validate;paypal_link
1;Thibault.Morel@gmail.com;18538;Practical Architecte Huchette;false;Burundi Avon Pastourelle
2;Charles.Barre91@hotmail.fr;90651;navigate monitor;true;robust
3;Angilran_Morin@yahoo.fr;74125;c;false;Industrial Tasty
4;Richard_Garcia64@yahoo.fr;31150;COM Designer deposit;true;end-to-end
5;Amante_Andre@yahoo.fr;76006;Tugrik composite Haute-Normandie;false;a pixel
6;Michel_Gautier56@gmail.com;1187;Chips Cotton;true;a
7;Ambre_Henry@yahoo.fr;51332;Superviseur;true;Barbade
8;Aymon32@hotmail.fr;78755;Analyste optical;true;withdrawal
9;Apollinaire.Marchand@hotmail.fr;92658;hub;true;Hat Pompe
10;Coraline_Marie@hotmail.fr;14965;Mozambique b;true;mindshare Technicien Total
